word,score,meaning
abandon,-2,"To give up or relinquish control of, to surrender or to give oneself over, or to yield to one's emotions."
abandoned,-2,"To give up or relinquish control of, to surrender or to give oneself over, or to yield to one's emotions."
abandons,-2,"To give up or relinquish control of, to surrender or to give oneself over, or to yield to one's emotions."
abducted,-2,To take away by force; to carry away (a human being) wrongfully and usually with violence or deception; to kidnap.
abduction,-2,Leading away; a carrying away.
abductions,-2,Leading away; a carrying away.
abhor,-3,To regard with horror or detestation; to shrink back with shuddering from; to feel excessive repugnance toward; to detest to extremity; to loathe.
abhorred,-3,To regard with horror or detestation; to shrink back with shuddering from; to feel excessive repugnance toward; to detest to extremity; to loathe.
abhorrent,-3,"Inconsistent with, or far removed from, something; strongly opposed"
abhors,-3,To regard with horror or detestation; to shrink back with shuddering from; to feel excessive repugnance toward; to detest to extremity; to loathe.
abilities,2,Suitableness.
ability,2,Suitableness.
aboard,1,"On board; into or within a ship or boat; hence, into or within a railway car."
absentee,-1,"A person who is absent from his or her employment, school, post, duty, etc."
absentees,-1,"A person who is absent from his or her employment, school, post, duty, etc."
absolve,2,"To set free, release or discharge (from obligations, debts, responsibility etc.)."
absolved,2,"To set free, release or discharge (from obligations, debts, responsibility etc.)."
absolves,2,"To set free, release or discharge (from obligations, debts, responsibility etc.)."
absolving,2,"To set free, release or discharge (from obligations, debts, responsibility etc.)."
absorbed,1,To include so that it no longer has separate existence; to overwhelm; to cause to disappear as if by swallowing up; to incorporate; to assimilate; to take in and use up.
abuse,-3,"Improper treatment or usage; application to a wrong or bad purpose; an unjust, corrupt or wrongful practice or custom."
abused,-3,To put to a wrong use; to misapply; to use improperly; to misuse; to use for a wrong purpose or end; to pervert
abuses,-3,"Improper treatment or usage; application to a wrong or bad purpose; an unjust, corrupt or wrongful practice or custom."
abusive,-3,"Prone to treat someone badly by coarse, insulting words or other maltreatment; vituperative; reproachful; scurrilous."
accept,1,"To receive, especially with a consent, with favour, or with approval."
accepted,1,"To receive, especially with a consent, with favour, or with approval."
accepting,1,"To receive, especially with a consent, with favour, or with approval."
accepts,1,"To receive, especially with a consent, with favour, or with approval."
accident,-2,An unexpected event with negative consequences occurring without the intention of the one suffering the consequences.
accidental,-2,A property which is not essential; a nonessential; anything happening accidentally.
accidentally,-2,"In an accidental manner; by chance, unexpectedly."
accidents,-2,An unexpected event with negative consequences occurring without the intention of the one suffering the consequences.
accomplish,2,To finish successfully.
accomplished,2,To finish successfully.
accomplishes,2,To finish successfully.
accusation,-2,The act of accusing.
accusations,-2,The act of accusing.
accuse,-2,Accusation.
accused,-2,"To find fault with, blame, censure"
accuses,-2,"To find fault with, blame, censure"
accusing,-2,"To find fault with, blame, censure"
ache,-2,"Continued dull pain, as distinguished from sudden twinges, or spasmodic pain."
achievable,1,"Capable of being achieved, which either means possible or probable."
aching,-2,"To suffer pain; to be the source of, or be in, pain, especially continued dull pain; to be distressed."
acquit,2,To declare or find innocent or not guilty.
acquits,2,To declare or find innocent or not guilty.
acquitted,2,To declare or find innocent or not guilty.
acquitting,2,To declare or find innocent or not guilty.
acrimonious,-3,"Harsh and sharp, or bitter and not pleasant to the taste; acrid, pungent."
active,1,A person or thing that is acting or capable of acting.
adequate,1,To equalize; to make adequate.
admire,3,To be amazed at; to view with surprise; to marvel at.
admired,3,To be amazed at; to view with surprise; to marvel at.
admires,3,To be amazed at; to view with surprise; to marvel at.
admiring,3,To be amazed at; to view with surprise; to marvel at.
admit,-1,"To allow to enter; to grant entrance (to), whether into a place, into the mind, or into consideration"
admits,-1,"To allow to enter; to grant entrance (to), whether into a place, into the mind, or into consideration"
admitted,-1,"To allow to enter; to grant entrance (to), whether into a place, into the mind, or into consideration"
admonish,-2,"To warn or notify of a fault; to reprove gently or kindly, but seriously; to exhort."
admonished,-2,"To warn or notify of a fault; to reprove gently or kindly, but seriously; to exhort."
adopt,1,"To take by choice into relationship (a child, heir, friend, citizen, etc.)"
adopts,1,"To take by choice into relationship (a child, heir, friend, citizen, etc.)"
adorable,3,Befitting of being adored; cute or loveable.
adore,3,To worship.
adored,3,To worship.
adores,3,To worship.
advanced,1,To promote or advantage.
advantage,2,"Any condition, circumstance, opportunity or means, particularly favorable to success, or to any desired end."
advantages,2,"Any condition, circumstance, opportunity or means, particularly favorable to success, or to any desired end."
adventure,2,"The encountering of risks; a bold undertaking, in which dangers are likely to be encountered, and the issue is staked upon unforeseen events; a daring feat."
adventures,2,"The encountering of risks; a bold undertaking, in which dangers are likely to be encountered, and the issue is staked upon unforeseen events; a daring feat."
adventurous,2,(of a person) Inclined to adventure; willing to incur risks; prone to embark in hazardous enterprise; rashly daring.
affected,-1,To influence or alter.
affection,3,The act of affecting or acting upon.
affectionate,3,(of a person) Having affection or warm regard; loving; fond.
afflicted,-1,"To cause (someone) pain, suffering or distress."
affronted,-1,"To insult intentionally, especially openly."
afraid,-2,"(usually used predicatively, not attributively, be afraid) Impressed with fear or apprehension; in fear."
aggravate,-2,To make (an offence) worse or more severe; to increase in offensiveness or heinousness.
aggravated,-2,To make (an offence) worse or more severe; to increase in offensiveness or heinousness.
aggravates,-2,To make (an offence) worse or more severe; to increase in offensiveness or heinousness.
aggravating,-2,To make (an offence) worse or more severe; to increase in offensiveness or heinousness.
aggression,-2,The act of initiating hostilities or invasion.
aggressions,-2,The act of initiating hostilities or invasion.
aggressive,-2,Characterized by aggression; unjustly attacking; prone to behave in a way that involves attacking or arguing.
aghast,-2,Terrified; struck with amazement; showing signs of terror or horror.
agog,2,"In eager desire, eager, astir."
agonise,-3,To writhe with agony; to suffer violent anguish.
agonised,-3,To writhe with agony; to suffer violent anguish.
agonises,-3,To writhe with agony; to suffer violent anguish.
agonising,-3,To writhe with agony; to suffer violent anguish.
agonize,-3,To writhe with agony; to suffer violent anguish.
agonized,-3,To writhe with agony; to suffer violent anguish.
agonizes,-3,To writhe with agony; to suffer violent anguish.
agonizing,-3,To writhe with agony; to suffer violent anguish.
agree,1,"To harmonize in opinion, statement, or action; to be in unison or concord; to be or become united or consistent; to concur."
agreeable,2,Something pleasing; anything that is agreeable.
agreed,1,"To harmonize in opinion, statement, or action; to be in unison or concord; to be or become united or consistent; to concur."
agreement,1,An understanding between entities to follow a specific course of conduct.
agrees,1,"To harmonize in opinion, statement, or action; to be in unison or concord; to be or become united or consistent; to concur."
alarm,-2,"A summons to arms, as on the approach of an enemy."
alarmed,-2,To call to arms for defense
alarmist,-2,One who causes others to become alarmed without cause.
alarmists,-2,One who causes others to become alarmed without cause.
alas,-1,"Used to express sorrow, regret, compassion or grief."
alert,-1,An alarm.
alienation,-2,The act of alienating.
alive,1,Having life; living; not dead
allergic,-2,A person with a tendency to having allergies; a person with multiple or severe allergies.
allow,1,"To grant, give, admit, accord, afford, or yield; to let one have."
alone,-2,"By oneself, solitary."
amaze,2,"Amazement, astonishment."
amazed,2,"To fill with wonder and surprise; to astonish, astound, surprise or perplex."
amazes,2,"To fill with wonder and surprise; to astonish, astound, surprise or perplex."
amazing,4,"To fill with wonder and surprise; to astonish, astound, surprise or perplex."
ambitious,2,"(of a person or their character) Having or showing ambition; wanting a lot of power, honor, respect, superiority, or other distinction."
ambivalent,-1,"Simultaneously experiencing or expressing opposing or contradictory feelings, beliefs, or motivations."
amuse,3,To entertain or occupy in a pleasant manner; to stir with pleasing emotions.
amused,3,To entertain or occupy in a pleasant manner; to stir with pleasing emotions.
amusement,3,Entertainment.
amusements,3,Entertainment.
anger,-3,"A strong feeling of displeasure, hostility or antagonism towards someone or something, usually combined with an urge to harm."
angers,-3,"A strong feeling of displeasure, hostility or antagonism towards someone or something, usually combined with an urge to harm."
angry,-3,Displaying or feeling anger.
anguish,-3,"Extreme pain, either of body or mind; excruciating distress."
anguished,-3,To suffer pain.
animosity,-2,Violent hatred leading to active opposition; active enmity; energetic dislike.
annoy,-2,A feeling of discomfort or vexation caused by what one dislikes.
annoyance,-2,That which annoys.
annoyed,-2,"To disturb or irritate, especially by continued or repeated acts; to bother with unpleasant deeds."
annoying,-2,"To disturb or irritate, especially by continued or repeated acts; to bother with unpleasant deeds."
annoys,-2,A feeling of discomfort or vexation caused by what one dislikes.
antagonistic,-2,Contending or acting against.
anti,-1,A person opposed to a concept or principle.
anticipation,1,"The act of anticipating, taking up, placing, or considering something beforehand, or before the proper time in natural order."
anxiety,-2,"An unpleasant state of mental uneasiness, nervousness, apprehension and obsession or concern about some uncertain event."
anxious,-2,Nervous and worried.
apathetic,-3,Void of feeling; not susceptible of deep emotion
apathy,-3,Lack of emotion or motivation; lack of interest or enthusiasm towards something; disinterest (in something).
apeshit,-3,Out of control due to anger or excitement.
apocalyptic,-2,One who predicts apocalypse.
apologise,-1,"(often followed by “for”) To make an apology or excuse; to acknowledge some fault or offense, with expression of regret for it, by way of amends"
apologised,-1,"(often followed by “for”) To make an apology or excuse; to acknowledge some fault or offense, with expression of regret for it, by way of amends"
apologises,-1,"(often followed by “for”) To make an apology or excuse; to acknowledge some fault or offense, with expression of regret for it, by way of amends"
apologising,-1,"(often followed by “for”) To make an apology or excuse; to acknowledge some fault or offense, with expression of regret for it, by way of amends"
apologize,-1,"(often followed by “for”) To make an apology or excuse; to acknowledge some fault or offense, with expression of regret for it, by way of amends"
apologized,-1,"(often followed by “for”) To make an apology or excuse; to acknowledge some fault or offense, with expression of regret for it, by way of amends"
apologizes,-1,"(often followed by “for”) To make an apology or excuse; to acknowledge some fault or offense, with expression of regret for it, by way of amends"
apologizing,-1,"(often followed by “for”) To make an apology or excuse; to acknowledge some fault or offense, with expression of regret for it, by way of amends"
apology,-1,An expression of remorse or regret for having said or done something that harmed another: an instance of apologizing (saying that one is sorry).
appalled,-2,To fill with horror; to dismay.
appalling,-2,To fill with horror; to dismay.
appease,2,To make quiet; to calm; to reduce to a state of peace; to dispel (anger or hatred).
appeased,2,To make quiet; to calm; to reduce to a state of peace; to dispel (anger or hatred).
appeases,2,To make quiet; to calm; to reduce to a state of peace; to dispel (anger or hatred).
appeasing,2,To make quiet; to calm; to reduce to a state of peace; to dispel (anger or hatred).
applaud,2,Applause; applauding.
applauded,2,To express approval (of something) by clapping the hands.
applauding,2,To express approval (of something) by clapping the hands.
applauds,2,Applause; applauding.
applause,2,"The act of applauding; approbation and praise publicly expressed by the clapping of hands, stamping or tapping of the feet, acclamation, huzzas, or other means; marked commendation."
appreciate,2,To be grateful or thankful for.
appreciated,2,To be grateful or thankful for.
appreciates,2,To be grateful or thankful for.
appreciating,2,To be grateful or thankful for.
appreciation,2,"A fair valuation or estimate of merit, worth, weight, etc.; recognition of excellence."
apprehensive,-2,Anticipating something with anxiety or fear.
approval,2,"An expression granting permission; an indication of agreement with a proposal; an acknowledgement that a person, thing or event meets requirements."
approved,2,To sanction officially; to ratify; to confirm; to set as satisfactory.
approves,2,To sanction officially; to ratify; to confirm; to set as satisfactory.
ardent,1,"Full of ardor; fervent, passionate."
arrest,-2,"A check, stop, an act or instance of arresting something."
arrested,-3,To stop the motion of (a person or animal).
arrests,-2,"A check, stop, an act or instance of arresting something."
arrogant,-2,"Having excessive pride in oneself, often with contempt or disrespect for others."
ashame,-2,To feel shame; to be ashamed. (Misspelling of 'ashamed')
ashamed,-2,To feel shame; to be ashamed.
ass,-4,"Any of several species of horse-like animals, especially Equus asinus, the domesticated of which are used as beasts of burden."
assassination,-3,"The murder of a person, especially for political reasons or for personal gain."
assassinations,-3,"The murder of a person, especially for political reasons or for personal gain."
asset,2,Something or someone of any value; any portion of one's property or effects so considered.
assets,2,Something or someone of any value; any portion of one's property or effects so considered.
assfucking,-4,A highly offensive or vulgar sexual act.
asshole,-4,The anus.
astonished,2,To surprise greatly.
astound,3,"To astonish, bewilder or dazzle."
astounded,3,"To astonish, bewilder or dazzle."
astounding,3,"To astonish, bewilder or dazzle."
astoundingly,3,"In an astounding manner; so as to astound, surprise, or amaze."
astounds,3,"To astonish, bewilder or dazzle."
attack,-1,"An attempt to cause damage, injury to, or death of opponent or enemy."
attacked,-1,To apply violent force to someone or something.
attacking,-1,To apply violent force to someone or something.
attacks,-1,"An attempt to cause damage, injury to, or death of opponent or enemy."
attract,1,To pull toward without touching.
attracted,1,To pull toward without touching.
attracting,2,To pull toward without touching.
attraction,2,The tendency to attract.
attractions,2,The tendency to attract.
attracts,1,To pull toward without touching.
audacious,3,Showing willingness to take bold risks; recklessly daring.
authority,1,The power to enforce rules or give orders.
avert,-1,To turn aside or away.
averted,-1,To turn aside or away.
averts,-1,To turn aside or away.
avid,2,Enthusiastic; keen; eager; showing great interest in something or desire to do something
avoid,-1,To try not to meet or communicate with (a person); to shun
avoided,-1,To try not to meet or communicate with (a person); to shun
avoids,-1,To try not to meet or communicate with (a person); to shun
await,-1,A waiting for; ambush.
awaited,-1,To wait for.
awaits,-1,A waiting for; ambush.
award,3,"A judgment, sentence, or final decision. Specifically: The decision of arbitrators in a case submitted."
awarded,3,"To give by sentence or judicial determination; to assign or apportion, after careful regard to the nature of the case; to adjudge"
awards,3,"A judgment, sentence, or final decision. Specifically: The decision of arbitrators in a case submitted."
awesome,4,"Short for awesomeness: the quality, state, or essence of being awesome."
awful,-3,Very bad.
awkward,-2,Someone or something that is awkward.
axe,-1,"A tool for felling trees or chopping wood etc. consisting of a heavy head flattened to a blade on one side, and a handle attached to it."
axed,-1,"To request (information, or an answer to a question)."
backed,1,To go in the reverse direction.
backing,2,To go in the reverse direction.
backs,1,"The rear of the body, especially the part between the neck and the end of the spine and opposite the chest and belly."
bad,-3,"Error, mistake."
badass,-3,"(negative connotation) A belligerent or mean person; a person with an unpleasantly extreme appearance, attitudes, or behavior."
badly,-3,"Ill, unwell."
bailout,-2,"A rescue, especially a financial rescue."
bamboozle,-2,"To con, defraud, trick, to make a fool of, to humbug or impose on someone."
bamboozled,-2,"To con, defraud, trick, to make a fool of, to humbug or impose on someone."
bamboozles,-2,"To con, defraud, trick, to make a fool of, to humbug or impose on someone."
ban,-2,Prohibition.
banish,-1,(heading) To send someone away and forbid that person from returning.
bankrupt,-3,One who becomes unable to pay his or her debts; an insolvent person.
bankster,-3,"A banker who is seen as criminally irresponsible, or as extorting bailout money from the taxpayers."
banned,-2,To summon; to call out.
bargain,2,"An agreement between parties concerning the sale of property; or a contract by which one party binds himself to transfer the right to some property for a consideration, and the other party binds himself to receive the property and pay the consideration."
barrier,-2,A structure that bars passage.
bastard,-5,"A person who was born out of wedlock, and hence often considered an illegitimate descendant."
bastards,-5,"A person who was born out of wedlock, and hence often considered an illegitimate descendant."
battle,-1,"A contest, a struggle."
battles,-1,"A contest, a struggle."
beaten,-2,To hit; strike
beatific,3,"Blessed, blissful, heavenly"
beating,-1,To hit; strike
beauties,3,"The quality of being (especially visually) attractive, pleasing, fine or good-looking; comeliness."
beautiful,3,Someone who is beautiful. Can be used as a term of address.
beautifully,3,In a beautiful manner.
beautify,3,"To make beautiful, or to increase the beauty of."
belittle,-2,"To knowingly say that something is smaller or less important than it actually is, especially as a way of showing contempt or deprecation."
belittled,-2,"To knowingly say that something is smaller or less important than it actually is, especially as a way of showing contempt or deprecation."
beloved,3,To please.
benefit,2,An advantage; help or aid from something.
benefits,2,An advantage; help or aid from something.
benefitted,2,To be or to provide a benefit to.
benefitting,2,To be or to provide a benefit to.
bereave,-2,To deprive by or as if by violence; to rob; to strip; to benim.
bereaved,-2,To deprive by or as if by violence; to rob; to strip; to benim.
bereaves,-2,To deprive by or as if by violence; to rob; to strip; to benim.
bereaving,-2,To deprive by or as if by violence; to rob; to strip; to benim.
best,3,"The supreme effort one can make, or has made."
betray,-3,"To deliver into the hands of an enemy by treachery or fraud, in violation of trust; to give up treacherously or faithlessly."
betrayal,-3,The act of betraying
betrayed,-3,"To deliver into the hands of an enemy by treachery or fraud, in violation of trust; to give up treacherously or faithlessly."
betraying,-3,"To deliver into the hands of an enemy by treachery or fraud, in violation of trust; to give up treacherously or faithlessly."
betrays,-3,"To deliver into the hands of an enemy by treachery or fraud, in violation of trust; to give up treacherously or faithlessly."
better,2,"An entity, usually animate, deemed superior to another; one who has a claim to precedence; a superior."
bias,-1,"Inclination towards something; predisposition, partiality, prejudice, preference, predilection."
biased,-2,To place bias upon; to influence.
big,1,Someone or something that is large in stature
bitch,-5,"(dog-breeding) A female dog or other canine, particularly a recent mother."
bitches,-5,"(dog-breeding) A female dog or other canine, particularly a recent mother."
bitter,-2,"(usually in the plural bitters) A liquid or powder, made from bitter herbs, used in mixed drinks or as a tonic."
bitterly,-2,In a bitter manner.
bizarre,-2,Strangely unconventional in style or appearance.
blah,-2,"Nonsense; drivel; idle, meaningless talk."
blame,-2,Censure.
blamed,-2,To censure (someone or something); to criticize.
blames,-2,To censure (someone or something); to criticize.
blaming,-2,The act of accusing or assigning culpability to
bless,2,"To make something holy by religious rite, sanctify."
blesses,2,"To make something holy by religious rite, sanctify."
blessing,3,"To make something holy by religious rite, sanctify."
blind,-1,A covering for a window to keep out light. The covering may be made of cloth or of narrow slats that can block light or allow it to pass.
bliss,3,Perfect happiness
blissful,3,"Extremely happy; full of joy; experiencing, indicating, causing, or characterized by bliss."
blithe,2,"(dated or literary) Happy, cheerful."
block,-1,"A substantial, often approximately cuboid, piece of any substance."
blockbuster,3,"A high-explosive bomb used for the purposes of demolishing extensive areas, such as a city block."
blocked,-1,To fill (something) so that it is not possible to pass.
blocking,-1,To fill (something) so that it is not possible to pass.
blocks,-1,"A substantial, often approximately cuboid, piece of any substance."
bloody,-3,To draw blood from one's opponent in a fight.
blurry,-2,"(of an image) Not clear, crisp, or focused; having fuzzy edges."
boastful,-2,Tending to boast or brag.
bold,2,A dwelling; habitation; building.
boldly,2,In a bold manner; with confidence.
bomb,-1,An explosive device used or intended as a weapon.
boost,1,"A push from behind, as to one who is endeavoring to climb."
boosted,1,To lift or push from behind (one who is endeavoring to climb); to push up.
boosting,1,To lift or push from behind (one who is endeavoring to climb); to push up.
boosts,1,"A push from behind, as to one who is endeavoring to climb."
bore,-2,"A hole drilled or milled through something, or (by extension) its diameter."
bored,-2,To inspire boredom in somebody.
boring,-3,To inspire boredom in somebody.
bother,-2,"Fuss, ado."
bothered,-2,"To annoy, to disturb, to irritate."
bothers,-2,"Fuss, ado."
bothersome,-2,Causing bother or perplexity.
boycott,-2,The act of boycotting.
boycotted,-2,"To abstain, either as an individual or a group, from using, buying, or dealing with someone or some organization as an expression of protest."
boycotting,-2,"To abstain, either as an individual or a group, from using, buying, or dealing with someone or some organization as an expression of protest."
boycotts,-2,The act of boycotting.
brainwashing,-3,A form of indoctrination that forces people to abandon their beliefs in favour of another set of beliefs by conditioning through various forms of pressure or torture
brave,2,A Native American warrior.
breakthrough,3,An advance through and past enemy lines.
breathtaking,5,Stunningly beautiful; amazing
bribe,-3,Something (usually money) given in exchange for influence or as an inducement to dishonesty.
bright,1,"An artist's brush used in oil and acrylic painting with a long ferrule and a flat, somewhat tapering bristle head."
brightest,2,"Visually dazzling; luminous, lucent, clear, radiant; not dark."
brightness,1,The quality of being bright.
brilliant,4,"A finely cut gemstone, especially a diamond, cut in a particular form with numerous facets so as to maximize light return through the top (called table) of the stone."
brisk,2,(often with up) To make or become lively; to enliven; to animate.
broke,-1,"To separate into two or more pieces, to fracture or crack, by a process that cannot easily be reversed for reassembly."
broken,-1,"To separate into two or more pieces, to fracture or crack, by a process that cannot easily be reversed for reassembly."
brooding,-2,To keep an egg warm to make it hatch.
bullied,-2,Having been a victim of a bully.
bullshit,-4,The faeces of a bull.
bully,-2,"A person who is intentionally, physically, or emotionally cruel to others; especially to those who are weaker or have less power or privilege."
bullying,-2,"An act of intimidating a person to do something, especially such repeated coercion."
bummer,-2,"A forager, especially in Sherman's March to the Sea of November to December 1864."
buoyant,2,Having buoyancy; able to float.
burden,-2,A heavy load.
burdened,-2,To encumber with a literal or figurative burden.
burdening,-2,To encumber with a literal or figurative burden.
burdens,-2,A heavy load.
calm,2,"(in a person) The state of being calm; peacefulness; absence of worry, anger, fear or other strong negative emotion."
calmed,2,To make calm.
calming,2,To make calm.
calms,2,"(in a person) The state of being calm; peacefulness; absence of worry, anger, fear or other strong negative emotion."
can't stand,-3,To strongly dislike or feel irritated by something.
cancel,-1,A cancellation (US); (nonstandard in some kinds of English).
cancelled,-1,To cross out something with lines etc.
cancelling,-1,To cross out something with lines etc.
cancels,-1,A cancellation (US); (nonstandard in some kinds of English).
cancer,-1,A disease in which the cells of a tissue undergo uncontrolled (and often rapid) proliferation.
capable,1,Able and efficient; having the ability needed for a specific task; having the disposition to do something; permitting or being susceptible to something.
captivated,3,To attract and hold interest and attention of; charm.
care,2,"Grief, sorrow."
carefree,1,Without cares or worries; free of concern or worries; without difficulty.
careful,2,"Taking care; attentive to potential danger, error or harm; cautious."
carefully,2,Sorrowfully.
careless,-2,Not concerned or worried (about).
cares,2,"Grief, sorrow."
cashing in,-2,Acting selfishly for personal profit.
casualty,-2,"Something that happens by chance, especially an unfortunate event; an accident, a disaster."
catastrophe,-3,Any large and disastrous event of great significance
catastrophic,-4,Of or pertaining to a catastrophe.
cautious,-1,Careful; using or exercising caution; tentative
celebrate,3,To extol or honour in a solemn manner.
celebrated,3,To extol or honour in a solemn manner.
celebrates,3,To extol or honour in a solemn manner.
celebrating,3,To extol or honour in a solemn manner.
censor,-2,"One of the two magistrates who originally administered the census of citizens, and by Classical times (between the 8th century B.C.E. and the 6th century C.E.) was a high judge of public behaviour and morality."
censored,-2,"To review for, and if necessary to remove or suppress, content from books, films, correspondence, and other media which is regarded as objectionable (for example, obscene, likely to incite violence, or sensitive)."
censors,-2,"One of the two magistrates who originally administered the census of citizens, and by Classical times (between the 8th century B.C.E. and the 6th century C.E.) was a high judge of public behaviour and morality."
certain,1,(with the) Something certain.
chagrin,-2,"Distress of mind caused by a failure of aims or plans, want of appreciation, mistakes etc; vexation or mortification."
chagrined,-2,To bother or vex; to mortify.
challenge,-1,A confrontation; a dare.
chance,2,An opportunity or possibility.
chances,2,An opportunity or possibility.
chaos,-2,The unordered state of matter in classical accounts of cosmogony.
chaotic,-2,A character having a chaotic alignment.
charged,-3,To assign a duty or responsibility to
charges,-2,The amount of money levied for a service.
charm,3,"An object, act or words believed to have magic power (usually carries a positive connotation)."
charming,3,"To seduce, persuade or fascinate someone or something."
charmless,-3,"(of character) unpleasant, unappealing, lacking charm"
chastise,-3,"To punish (someone), especially by corporal punishment."
chastised,-3,"To punish (someone), especially by corporal punishment."
chastises,-3,"To punish (someone), especially by corporal punishment."
chastising,-3,"To punish (someone), especially by corporal punishment."
cheat,-3,To violate rules in order to gain advantage from a situation.
cheated,-3,To violate rules in order to gain advantage from a situation.
cheater,-3,One who cheats.
cheaters,-3,One who cheats.
cheats,-3,To violate rules in order to gain advantage from a situation.
cheer,2,"A cheerful attitude; happiness; a good, happy, or positive mood."
cheered,2,To gladden; to make cheerful; often with up.
cheerful,2,Noticeably happy and optimistic.
cheering,2,To gladden; to make cheerful; often with up.
cheerless,-2,Devoid of cheer; gloomy.
cheers,2,"A cheerful attitude; happiness; a good, happy, or positive mood."
cheery,3,"(often sarcastic) In a good mood, happy, cheerful."
cherish,2,"To treat with affection, care, and tenderness; to nurture or protect with care."
cherished,2,"To treat with affection, care, and tenderness; to nurture or protect with care."
cherishes,2,"To treat with affection, care, and tenderness; to nurture or protect with care."
cherishing,2,"To treat with affection, care, and tenderness; to nurture or protect with care."
chic,2,Good form; style.
childish,-2,Of or suitable for a child.
chilling,-1,To lower the temperature of something; to cool
choke,-2,A control on a carburetor to adjust the air/fuel mixture when the engine is cold.
choked,-2,"To be unable to breathe because of obstruction of the windpipe (for instance food or other objects that go down the wrong way, or fumes or particles in the air that cause the throat to constrict)."
chokes,-2,A control on a carburetor to adjust the air/fuel mixture when the engine is cold.
choking,-2,"To be unable to breathe because of obstruction of the windpipe (for instance food or other objects that go down the wrong way, or fumes or particles in the air that cause the throat to constrict)."
clarifies,2,"(of liquids, such as wine or syrup) To make clear or bright by freeing from feculent matter"
clarity,2,"The state or measure of being clear, either in appearance, thought or style; lucidity."
clash,-2,"A loud sound, like the crashing together of metal objects."
classy,3,"Elegant, highly stylish or fashionable."
clean,2,Removal of dirt.
cleaner,2,"A person whose occupation is to clean floors, windows and other things."
clear,1,"Full extent; distance between extreme limits; especially; the distance between the nearest surfaces of two bodies, or the space between walls."
cleared,1,"To remove obstructions, impediments or other unwanted items from."
clearly,1,(manner) In a clear manner.
clears,1,"To remove obstructions, impediments or other unwanted items from."
clever,2,Nimble with hands or body; skillful; adept.
clouded,-1,"To become foggy or gloomy, or obscured from sight."
clueless,-2,Lacking knowledge or understanding; uninformed.
cock,-5,"A male bird, especially:"
cocksucker,-5,(strongly vulgar) Someone who performs fellatio.
cocksuckers,-5,(strongly vulgar) Someone who performs fellatio.
cocky,-2,Overly confident; arrogant and boastful.
coerced,-2,"To restrain by force, especially by law or authority; to repress; to curb."
collapse,-2,The act of collapsing.
collapsed,-2,To break apart and fall down suddenly; to cave in.
collapses,-2,The act of collapsing.
collapsing,-2,To break apart and fall down suddenly; to cave in.
collide,-1,"To impact directly, especially if violent."
collides,-1,"To impact directly, especially if violent."
colliding,-1,"To impact directly, especially if violent."
collision,-2,An instance of colliding.
collisions,-2,An instance of colliding.
colluding,-3,To act in concert with; to conspire
combat,-1,"A battle, a fight (often one in which weapons are used)."
combats,-1,"A battle, a fight (often one in which weapons are used)."
comedy,1,"A choric song of celebration or revel, especially in Ancient Greece."
comfort,2,"Contentment, ease."
comfortable,2,A stuffed or quilted coverlet for a bed; a comforter.
comforting,2,To relieve the distress or suffering of; to provide comfort to.
comforts,2,"Contentment, ease."
commend,2,Commendation; praise.
commended,2,To congratulate or reward.
commit,1,"The act of committing (e.g. a database transaction or source code into a source control repository), making it a permanent change."
commitment,2,"The act or an instance of committing, putting in charge, keeping, or trust, especially:"
commits,1,"The act of committing (e.g. a database transaction or source code into a source control repository), making it a permanent change."
committed,1,To give in trust; to put into charge or keeping; to entrust; to consign; used with to or formerly unto.
committing,1,To give in trust; to put into charge or keeping; to entrust; to consign; used with to or formerly unto.
compassionate,2,To feel compassion (for someone or with regard to something); to regard (someone or something) with compassion.
compelled,1,"To drive together, round up"
competent,2,"Having sufficient skill, knowledge, ability, or qualifications."
competitive,2,Capable of competing successfully
complacent,-2,Uncritically satisfied with oneself or one's achievements; smug.
complain,-2,"To express feelings of pain, dissatisfaction, or resentment."
complained,-2,"To express feelings of pain, dissatisfaction, or resentment."
complains,-2,"To express feelings of pain, dissatisfaction, or resentment."
comprehensive,2,A comprehensive school.
conciliate,2,"To make calm and content, or regain the goodwill of; to placate."
conciliated,2,"To make calm and content, or regain the goodwill of; to placate."
conciliates,2,"To make calm and content, or regain the goodwill of; to placate."
conciliating,2,"To make calm and content, or regain the goodwill of; to placate."
condemn,-2,To strongly criticise or denounce; to excoriate the perpetrators of.
condemnation,-2,The act of condemning or pronouncing to be wrong
condemned,-2,To strongly criticise or denounce; to excoriate the perpetrators of.
condemns,-2,To strongly criticise or denounce; to excoriate the perpetrators of.
confidence,2,Self-assurance.
confident,2,A person in whom one can confide or share one's secrets: a friend.
conflict,-2,"A clash or disagreement, often violent, between two or more opposing groups or individuals."
conflicting,-2,To be at odds (with); to disagree or be incompatible
conflictive,-2,Tending to cause disagreement or tension.
conflicts,-2,"A clash or disagreement, often violent, between two or more opposing groups or individuals."
confuse,-2,"To puzzle, perplex, baffle, bewilder (somebody)."
confused,-2,"To puzzle, perplex, baffle, bewilder (somebody)."
confusing,-2,"To puzzle, perplex, baffle, bewilder (somebody)."
congrats,2,"Expressing praise and approval, expressing approbation."
congratulate,2,To express one’s sympathetic pleasure or joy to the person(s) it is felt for.
congratulation,2,The act of congratulating.
congratulations,2,The act of congratulating.
consent,2,Voluntary agreement or permission.
consents,2,Voluntary agreement or permission.
consolable,2,Able to be comforted and soothed.
conspiracy,-3,"The act of two or more persons, called conspirators, working secretly to obtain some goal, usually understood with negative connotations."
constrained,-2,"To force physically, by strong persuasion or pressuring; to compel; to oblige."
contagion,-2,A disease spread by contact
contagions,-2,A disease spread by contact
contagious,-1,(of a disease) Easily transmitted to others.
contempt,-2,"The state or act of contemning; the feeling or attitude of regarding someone or something as inferior, base, or worthless; scorn, disdain."
contemptuous,-2,Showing contempt; expressing disdain; showing a lack of respect.
contemptuously,-2,In a disrespectful or discourteous manner; condescendingly.
contend,-1,To strive in opposition; to contest; to dispute; to vie; to quarrel; to fight.
contender,-1,Someone who competes with one or more other people.
contending,-1,To strive in opposition; to contest; to dispute; to vie; to quarrel; to fight.
contentious,-2,Marked by heated arguments or controversy.
contestable,-2,Open to dispute or disagreement.
controversial,-2,Arousing controversy—a debate or discussion of opposing opinions.
controversially,-2,In a controversial manner.
convince,1,"To make someone believe, or feel sure about something, especially by using logic, argument or evidence."
convinced,1,"To make someone believe, or feel sure about something, especially by using logic, argument or evidence."
convinces,1,"To make someone believe, or feel sure about something, especially by using logic, argument or evidence."
convivial,2,"Having elements of a feast or of entertainment, especially when it comes to eating and drinking, with accompanying festivity"
cool,1,A moderate or refreshing state of cold; moderate temperature of the air between hot and cold; coolness.
cool stuff,3,Things that are impressive and enjoyable.
cornered,-2,To drive (someone or something) into a corner or other confined space.
corpse,-1,A dead body.
costly,-2,Of high cost; expensive.
courage,2,"The quality of being confident, not afraid or easily intimidated, but without being incautious or inconsiderate."
courageous,2,"Of a person, displaying or possessing courage."
courteous,2,"Showing regard or thought for others; especially, displaying good manners or etiquette."
courtesy,2,Polite behavior.
cover-up,-3,"An attempt to conceal or disguise something, especially a wrongdoing or a mistake."
coward,-2,A person who lacks courage.
cowardly,-2,Showing cowardice; lacking in courage; weakly fearful.
coziness,2,A pleasant feeling of comfort and warmth.
cramp,-1,A painful contraction of a muscle which cannot be controlled.
crap,-3,The husk of grain; chaff.
crash,-2,"A sudden, intense, loud sound, as made for example by cymbals."
crazier,-2,"Flawed or damaged; unsound, liable to break apart; ramshackle."
craziest,-2,"Flawed or damaged; unsound, liable to break apart; ramshackle."
crazy,-2,An insane or eccentric person; a crackpot.
creative,2,A person directly involved in a creative marketing process.
crestfallen,-2,Sad because of a recent disappointment.
cried,-2,To shed tears; to weep.
cries,-2,A shedding of tears; the act of crying.
crime,-3,A specific act committed in violation of the law.
criminal,-3,"A person who is guilty of a crime, notably breaking the law."
criminals,-3,"A person who is guilty of a crime, notably breaking the law."
crisis,-3,A crucial or decisive point or situation; a turning point.
critic,-2,A person who appraises the works of others.
criticism,-2,The act of criticising; a critical judgment passed or expressed
criticize,-2,To find fault (with something).
criticized,-2,To find fault (with something).
criticizes,-2,To find fault (with something).
criticizing,-2,To find fault (with something).
critics,-2,A person who appraises the works of others.
cruel,-3,To spoil or ruin (one's chance of success)
cruelty,-3,An indifference to suffering or pleasure in inflicting suffering.
crush,-1,A violent collision or compression; a crash; destruction; ruin.
crushed,-2,"To press between two hard objects; to squeeze so as to alter the natural shape or integrity of it, or to force together into a mass."
crushes,-1,A violent collision or compression; a crash; destruction; ruin.
crushing,-1,"To press between two hard objects; to squeeze so as to alter the natural shape or integrity of it, or to force together into a mass."
cry,-1,A shedding of tears; the act of crying.
crying,-2,To shed tears; to weep.
cunt,-5,"The female genitalia, especially the vulva."
curious,1,"Tending to ask questions, or to want to explore or investigate; inquisitive; (with a negative connotation) nosy, prying."
curse,-1,A supernatural detriment or hindrance; a bane.
cut,-1,The act of cutting.
cute,2,"Possessing physical features, behaviors, personality traits or other properties that are mainly attributed to infants and small or cuddly animals; e.g. fair, dainty, round, and soft physical features, disproportionately large eyes and head, playfulness, fragility, helplessness, curiosity or shyness, innocence, affectionate behavior."
cuts,-1,The act of cutting.
cutting,-1,"(heading) To incise, to cut into the surface of something."
cynic,-2,A person who believes that all people are motivated by selfishness.
cynical,-2,Of or relating to the belief that human actions are motivated only or primarily by base desires or selfishness.
cynicism,-2,A distrustful attitude.
damage,-3,Injury or harm; the condition or measure of something not being intact.
damages,-3,"To impair the soundness, goodness, or value of; to harm or cause destruction."
damn,-4,The use of damn as a curse.
damned,-4,To condemn to hell.
damnit,-4,An expression of strong frustration or anger. (Variant of 'damn it.')
danger,-2,Exposure to likely harm; peril.
daredevil,2,"A person who engages in very risky behavior, especially one who is motivated by a craving for excitement or attention."
daring,2,To have enough courage (to do something).
darkest,-2,Having an absolute or (more often) relative lack of light.
darkness,-1,The state of being dark; lack of light.
dauntless,2,Invulnerable to fear or intimidation.
dead,-3,"(with the, a demonstrative, or a possessive) Those who have died."
deadlock,-2,A standstill resulting from the opposition of two evenly matched forces; a stalemate or impasse
deafening,-1,"To make deaf, either temporarily or permanently."
dear,2,"A very kind, loving person."
dearly,3,In a dear or precious manner.
death,-2,"The cessation of life and all associated processes; the end of an organism's existence as an entity independent from its environment and its return to an inert, nonliving state."
debonair,2,Debonaire behaviour; graciousness.
debt,-2,"An action, state of mind, or object one has an obligation to perform for another, adopt toward another, or give to another."
deceit,-3,An act or practice intended to deceive; a trick.
deceitful,-3,Deliberately misleading or cheating.
deceive,-3,To trick or mislead.
deceived,-3,To trick or mislead.
deceives,-3,To trick or mislead.
deceiving,-3,To trick or mislead.
deception,-3,An instance of actions and/or schemes fabricated to mislead someone into believing a lie or inaccuracy.
decisive,1,Having the power or quality of deciding a question or controversy; putting an end to contest or controversy; final; conclusive.
dedicated,2,To set apart for a deity or for religious purposes; consecrate.
defeated,-2,To overcome in battle or contest.
defect,-3,A fault or malfunction.
defects,-3,A fault or malfunction.
defender,2,Someone who defends people or property
defenders,2,Someone who defends people or property
defenseless,-2,Lacking any form of defense; vulnerable; open to attack.
defer,-1,To delay or postpone
deferring,-1,To delay or postpone
defiant,-1,One who defies opposition.
deficit,-2,Deficiency in amount or quality; a falling short; lack.
degrade,-2,To lower in value or social position.
degraded,-2,To lower in value or social position.
degrades,-2,To lower in value or social position.
dehumanize,-2,"To take away humanity; to remove or deny human qualities, characteristics, or attributes; to impersonalize."
dehumanized,-2,"To take away humanity; to remove or deny human qualities, characteristics, or attributes; to impersonalize."
dehumanizes,-2,"To take away humanity; to remove or deny human qualities, characteristics, or attributes; to impersonalize."
dehumanizing,-2,"To take away humanity; to remove or deny human qualities, characteristics, or attributes; to impersonalize."
deject,-2,Make sad or dispirited.
dejected,-2,Make sad or dispirited.
dejecting,-2,Make sad or dispirited.
dejects,-2,Make sad or dispirited.
delay,-1,A period of time before an event occurs; the act of delaying; procrastination; lingering inactivity.
delayed,-1,To put off until a later time; to defer.
delight,3,Joy; pleasure.
delighted,3,To give delight to; to affect with great pleasure; to please highly.
delighting,3,To give delight to; to affect with great pleasure; to please highly.
delights,3,Joy; pleasure.
demand,-1,The desire to purchase goods and services.
demanded,-1,To request forcefully.
demanding,-1,To request forcefully.
demands,-1,The desire to purchase goods and services.
demonstration,-1,The act of demonstrating; showing or explaining something.
demoralized,-2,To destroy the morale of; to dishearten.
denied,-2,To disallow or reject.
denier,-2,An old French coin worth one-twelfth of a sou.
deniers,-2,An old French coin worth one-twelfth of a sou.
denies,-2,To disallow or reject.
denounce,-2,To make known in a formal manner; to proclaim; to announce; to declare.
denounces,-2,To make known in a formal manner; to proclaim; to announce; to declare.
deny,-2,To disallow or reject.
de...(truncated 86462 characters)...ized by success
protect,1,To keep safe; to defend; to guard; to prevent harm coming to.
protected,1,To keep safe; to defend; to guard; to prevent harm coming to.
protects,1,To keep safe; to defend; to guard; to prevent harm coming to.
protest,-2,"A formal objection, especially one by a group."
protesters,-2,"One who protests, either singly or in a public display of group feeling."
protesting,-2,To make a strong objection.
protests,-2,"A formal objection, especially one by a group."
proud,2,Feeling honoured (by something); feeling happy or satisfied about an event or fact; gratified.
proudly,2,In a proud manner.
provoke,-1,To cause someone to become annoyed or angry.
provoked,-1,To cause someone to become annoyed or angry.
provokes,-1,To cause someone to become annoyed or angry.
provoking,-1,To cause someone to become annoyed or angry.
pseudoscience,-3,Any body of knowledge that purports to be scientific or to be supported by science but which fails to comply with the scientific method.
punish,-2,"To cause to suffer for crime or misconduct, to administer disciplinary action."
punished,-2,"To cause to suffer for crime or misconduct, to administer disciplinary action."
punishes,-2,"To cause to suffer for crime or misconduct, to administer disciplinary action."
punitive,-2,"Inflicting punishment, punishing"
pushy,-1,"Aggressively ambitious; overly assertive, bold or determined."
puzzled,-2,To perplex (someone).
quaking,-2,To tremble or shake.
questionable,-2,Problematic; open to doubt or challenge.
questioned,-1,To ask questions about; to interrogate; to enquire for information.
questioning,-1,To ask questions about; to interrogate; to enquire for information.
racism,-3,"Belief that there are distinct human races with inherent differences which determine their abilities, and generally that some are superior and others inferior."
racist,-3,A person who believes in or supports racism; a person who believes that a particular race is superior to others.
racists,-3,A person who believes in or supports racism; a person who believes that a particular race is superior to others.
rage,-2,Violent uncontrolled anger.
rageful,-2,Feeling filled with strong anger.
rainy,-1,Pouring with rain; wet; showery
rant,-3,A criticism done by ranting.
ranter,-3,"One who rants; a noisy, boisterous speaker or declaimer."
ranters,-3,"One who rants; a noisy, boisterous speaker or declaimer."
rants,-3,A criticism done by ranting.
rape,-4,A violent and traumatic act.
rapist,-4,A person who commits violent sexual assault.
rapture,2,"Extreme pleasure, happiness or excitement."
raptured,2,To cause to experience great happiness or excitement.
raptures,2,"Extreme pleasure, happiness or excitement."
rapturous,4,Full of rapture.
rash,-2,Acting too quickly without considering the risks and consequences; not careful; hasty.
ratified,2,"To give formal consent to; make officially valid, sign off on."
reach,1,The act of stretching or extending; extension.
reached,1,"To extend, stretch, or thrust out (for example a limb or object held in the hand)."
reaches,1,The act of stretching or extending; extension.
reaching,1,"To extend, stretch, or thrust out (for example a limb or object held in the hand)."
reassure,1,To assure anew; to restore confidence to; to free from fear or self-doubt.
reassured,1,To assure anew; to restore confidence to; to free from fear or self-doubt.
reassures,1,To assure anew; to restore confidence to; to free from fear or self-doubt.
reassuring,2,To assure anew; to restore confidence to; to free from fear or self-doubt.
rebellion,-2,Armed resistance to an established government or ruler.
recession,-2,The act or an instance of receding or withdrawing.
reckless,-2,Careless or heedless; headstrong or rash.
recommend,2,"To bestow commendation on; to represent favourably; to suggest, endorse or encourage as an appropriate choice."
recommended,2,"To bestow commendation on; to represent favourably; to suggest, endorse or encourage as an appropriate choice."
recommends,2,"To bestow commendation on; to represent favourably; to suggest, endorse or encourage as an appropriate choice."
redeemed,2,To recover ownership of something by buying it back.
refuse,-2,"Collectively, items or material that have been discarded; rubbish, garbage."
refused,-2,To decline (a request or demand).
refusing,-2,To decline (a request or demand).
regret,-2,"Emotional pain on account of something done or experienced in the past, with a wish that it had been different; a looking back with dissatisfaction or with longing."
regretful,-2,"Full of feelings of regret, indulging in regrets."
regrets,-2,"Emotional pain on account of something done or experienced in the past, with a wish that it had been different; a looking back with dissatisfaction or with longing."
regretted,-2,"To feel sorry about (a thing that has or has not happened), afterthink: to wish that a thing had not happened, that something else had happened instead."
regretting,-2,"To feel sorry about (a thing that has or has not happened), afterthink: to wish that a thing had not happened, that something else had happened instead."
reject,-1,Something that is rejected.
rejected,-1,To refuse to accept.
rejecting,-1,To refuse to accept.
rejects,-1,Something that is rejected.
rejoice,4,"To be very happy, be delighted, exult; to feel joy."
rejoiced,4,"To be very happy, be delighted, exult; to feel joy."
rejoices,4,"To be very happy, be delighted, exult; to feel joy."
rejoicing,4,"To be very happy, be delighted, exult; to feel joy."
relaxed,2,To calm down.
relentless,-1,Unrelenting or unyielding in severity.
reliant,2,Having reliance on somebody or something.
relieve,1,"To ease (a person, person's thoughts etc.) from mental distress; to stop (someone) feeling anxious or worried, to alleviate the distress of."
relieved,2,"To ease (a person, person's thoughts etc.) from mental distress; to stop (someone) feeling anxious or worried, to alleviate the distress of."
relieves,1,"To ease (a person, person's thoughts etc.) from mental distress; to stop (someone) feeling anxious or worried, to alleviate the distress of."
relieving,2,"To ease (a person, person's thoughts etc.) from mental distress; to stop (someone) feeling anxious or worried, to alleviate the distress of."
relishing,2,"To taste or eat with pleasure, to like the flavor of"
remarkable,2,Worthy of being remarked or noted; notable
remorse,-2,A feeling of regret or sadness for doing wrong or sinning.
repulse,-1,The act of repulsing or the state of being repulsed
repulsed,-2,To repel or drive back.
rescue,2,"An act or episode of rescuing, saving."
rescued,2,"To save from any violence, danger or evil."
rescues,2,"An act or episode of rescuing, saving."
resentful,-2,"Inclined to resent, who tends to harbor resentment, when wronged."
resign,-1,To give up; to relinquish ownership of.
resigned,-1,To sign again; to provide one's signature again.
resigning,-1,To sign again; to provide one's signature again.
resigns,-1,To sign again; to provide one's signature again.
resolute,2,A determined person; one showing resolution.
resolve,2,Determination; will power.
resolved,2,To find a solution to (a problem).
resolves,2,Determination; will power.
resolving,2,To find a solution to (a problem).
respected,2,To have respect for.
responsible,2,The individual who bears the responsibility for something.
responsive,2,"Answering, replying or responding"
restful,2,Using REST (representational state transfer).
restless,-2,Not allowing or affording rest.
restore,1,The act of recovering data or a system from a backup.
restored,1,"To reestablish, or bring back into existence."
restores,1,"To reestablish, or bring back into existence."
restoring,1,"To reestablish, or bring back into existence."
restrict,-2,To restrain within boundaries; to limit; to confine
restricted,-2,To restrain within boundaries; to limit; to confine
restricting,-2,To restrain within boundaries; to limit; to confine
restriction,-2,"The act of restricting, or the state of being restricted."
restricts,-2,To restrain within boundaries; to limit; to confine
retained,-1,To keep in possession or use.
retard,-2,Retardation; delay.
retarded,-2,To keep delaying; to continue to hinder; to prevent from progress
retreat,-1,"The act of pulling back or withdrawing, as from something dangerous, or unpleasant."
revenge,-2,"Any form of personal retaliatory action against an individual, institution, or group for some alleged or perceived harm or injustice."
revengeful,-2,"Vengeful, vindictive."
revered,2,To regard someone or something with great awe or devotion.
revive,2,To return to life; to become reanimated or reinvigorated.
revives,2,To return to life; to become reanimated or reinvigorated.
reward,2,Something of value given in return for an act.
rewarded,2,To give a reward to or for.
rewarding,2,To give a reward to or for.
rewards,2,Something of value given in return for an act.
rich,2,To enrich.
ridiculous,-3,Deserving of ridicule; foolish; absurd.
rig,-1,The rigging of a sailing ship or other such craft.
rigged,-1,To fit out with a harness or other equipment.
right direction,3,Showing positive improvement or progress.
rigorous,3,"Showing, causing, or favoring rigour; scrupulously accurate or strict; thorough."
rigorously,3,In a rigorous manner.
riot,-2,Wanton or unrestrained behavior; uproar; tumult.
riots,-2,Wanton or unrestrained behavior; uproar; tumult.
risk,-2,A possible adverse event or outcome
risks,-2,A possible adverse event or outcome
rob,-2,"To steal from, especially using force or violence."
robber,-2,A person who robs.
robed,-2,To clothe; to dress.
robing,-2,To clothe; to dress.
robs,-2,"To steal from, especially using force or violence."
robust,2,Evincing strength and health; strong.
rofl,4,Laughing very hard or uncontrollably. (Acronym for 'Rolling On the Floor Laughing.')
roflcopter,4,Laughing playfully and excessively. (Internet slang combining 'ROFL' and 'helicopter.')
roflmao,4,Experiencing uncontrollable laughter. (Acronym for 'Rolling On the Floor Laughing My Ass Off.')
romance,2,"A story relating to chivalry; a story involving knights, heroes, adventures, quests, etc."
rotfl,4,Finding something extremely funny or hilarious. (Alternate form of 'ROFL.')
rotflmfao,4,Laughing so hard it brings tears. (Acronym for 'Rolling On the Floor Laughing My Fucking Ass Off.')
rotflol,4,Rolling with laughter and joy. (Combination of 'ROFL' and 'LOL.')
ruin,-2,"(sometimes in the plural) The remains of a destroyed or dilapidated construction, such as a house or castle."
ruined,-2,To cause the fiscal ruin of.
ruining,-2,To cause the fiscal ruin of.
ruins,-2,"(sometimes in the plural) The remains of a destroyed or dilapidated construction, such as a house or castle."
sabotage,-2,"A deliberate action aimed at weakening an enemy through subversion, obstruction, disruption, and/or destruction."
sad,-2,To make melancholy; to sadden or grieve (someone).
sadden,-2,To make sad or unhappy.
saddened,-2,To make sad or unhappy.
sadly,-2,In a sad manner; sorrowfully.
safe,1,"A box, usually made of metal, in which valuables can be locked for safekeeping."
safely,1,In a safe manner; without risk; using caution above all else.
safety,1,The condition or feeling of being safe; security; certainty.
salient,1,"An outwardly projecting part of a fortification, trench system, or line of defense."
sappy,-1,"Excessively sweet, emotional, nostalgic; cheesy; mushy. (British equivalent: soppy)"
sarcastic,-2,Containing sarcasm.
satisfied,2,To do enough for; to meet the needs of; to fulfill the wishes or requirements of.
save,2,"In various sports, a block that prevents an opponent from scoring."
saved,2,To prevent harm or difficulty.
scam,-2,A fraudulent deal.
scams,-2,A fraudulent deal.
scandal,-3,An incident or event that disgraces or damages the reputation of the persons or organization involved.
scandalous,-3,"Wrong, immoral, causing a scandal"
scandals,-3,An incident or event that disgraces or damages the reputation of the persons or organization involved.
scapegoat,-2,"In the Mosaic Day of Atonement ritual, a goat symbolically imbued with the sins of the people, and sent out alive into the wilderness while another was sacrificed."
scapegoats,-2,"In the Mosaic Day of Atonement ritual, a goat symbolically imbued with the sins of the people, and sent out alive into the wilderness while another was sacrificed."
scare,-2,A minor fright.
scared,-2,"To frighten, terrify, startle, especially in a minor way."
scary,-2,Causing or able to cause fright.
sceptical,-2,"Having, or expressing doubt; questioning."
scold,-2,To burn with hot liquid.
scoop,3,"Any cup- or bowl-shaped tool, usually with a handle, used to lift and move loose or soft solid material."
scorn,-2,Contempt or disdain.
scornful,-2,Showing scorn or disrespect; contemptuous.
scream,-2,"A loud, emphatic, exclamation of extreme emotion, especially horror, fear, excitement, or anger; it may comprise a word or a sustained, high-pitched vowel sound."
screamed,-2,"To cry out with a shrill voice; to utter a sudden, sharp outcry, or shrill, loud cry, as in fright or extreme pain; to shriek; to screech."
screaming,-2,"To cry out with a shrill voice; to utter a sudden, sharp outcry, or shrill, loud cry, as in fright or extreme pain; to shriek; to screech."
screams,-2,"A loud, emphatic, exclamation of extreme emotion, especially horror, fear, excitement, or anger; it may comprise a word or a sustained, high-pitched vowel sound."
screwed,-2,To connect or assemble pieces using a screw.
screwed up,-3,Being seriously mistaken or ruined.
scumbag,-4,Condom
secure,2,"To make safe; to relieve from apprehensions of, or exposure to, danger; to guard; to protect."
secured,2,"To make safe; to relieve from apprehensions of, or exposure to, danger; to guard; to protect."
secures,2,"To make safe; to relieve from apprehensions of, or exposure to, danger; to guard; to protect."
sedition,-2,"Organized incitement of rebellion or civil disorder against authority or the state, usually by speech or writing."
seditious,-2,"Of, related to, or being involved in sedition."
seduced,-1,"To beguile or lure (someone) away from duty, accepted principles, or proper conduct; to lead astray."
self-confident,2,Confident in one's own abilities.
self-deluded,-2,Believing false positive things about oneself.
selfish,-3,Holding one's own self-interest as the standard for decision making.
selfishness,-3,The quality of being selfish; the condition of putting one's own interests before those of others.
sentence,-2,The decision or judgement of a jury or court; a verdict.
sentenced,-2,To declare a sentence on a convicted person; to doom; to condemn to punishment.
sentences,-2,The decision or judgement of a jury or court; a verdict.
sentencing,-2,To declare a sentence on a convicted person; to doom; to condemn to punishment.
serene,2,Serenity; clearness; calmness.
severe,-2,Very bad or intense.
sexy,3,(of a person) Having sex appeal; suggestive of sex.
shaky,-2,Shaking or trembling.
shame,-2,Uncomfortable or painful feeling due to recognition or consciousness of one's own impropriety or dishonor or something being exposed that should have been kept private.
shamed,-2,To cause to feel shame.
shameful,-2,Causing or meriting shame or disgrace; disgraceful
share,1,"A portion of something, especially a portion given or allotted to someone."
shared,1,To give part of what one has to somebody else to use or consume.
shares,1,"A portion of something, especially a portion given or allotted to someone."
shattered,-2,To violently break something into pieces.
shit,-4,Solid excretory product evacuated from the bowels; feces.
shithead,-4,A stupid or contemptible person.
shitty,-3,Very bad; unpleasant; miserable; insignificant.
shock,-2,"A sudden, heavy impact."
shocked,-2,"To cause to be emotionally shocked, to cause (someone) to feel surprised and upset."
shocking,-2,"To cause to be emotionally shocked, to cause (someone) to feel surprised and upset."
shocks,-2,"A sudden, heavy impact."
shoot,-1,The emerging stem and embryonic leaves of a new plant.
short-sighted,-2,Near-sighted; myopic; unable to focus on distant objects.
short-sightedness,-2,"Myopia, nearsightedness"
shortage,-2,A lack or deficiency; an insufficient amount.
shortages,-2,A lack or deficiency; an insufficient amount.
shrew,-4,"Any of numerous small, mouselike, chiefly nocturnal, mammals of the family Soricidae (order Soricomorpha)."
shy,-1,An act of throwing.
sick,-2,Sick people in general as a group.
sigh,-2,"A deep, prolonged audible inhale and exhale of breath; as when fatigued, frustrated, grieved, or relieved; the act of sighing."
significance,1,The extent to which something matters; importance
significant,1,That which has significance; a sign; a token; a symbol.
silencing,-1,To make (someone or something) silent.
silly,-1,A silly person.
sincere,2,Genuine; meaning what one says or does; heartfelt.
sincerely,2,In a sincere or earnest manner; honestly.
sincerest,2,Genuine; meaning what one says or does; heartfelt.
sincerity,2,"The quality or state of being sincere; honesty of mind or intention; freedom from simulation, hypocrisy, disguise, or false pretense."
sinful,-3,Constituting a sin; being morally or religiously wrong; wicked; evil
singleminded,-2,"Very focused; having a single goal, purpose, or idea."
skeptic,-2,"Someone who habitually doubts beliefs and claims presented as accepted by others, requiring strong evidence before accepting any belief or claim."
skeptical,-2,"Having, or expressing doubt; questioning."
skepticism,-2,The practice or philosophy of being a skeptic.
skeptics,-2,"Someone who habitually doubts beliefs and claims presented as accepted by others, requiring strong evidence before accepting any belief or claim."
slam,-2,A sudden impact or blow.
slash,-2,"A slashing action or motion, particularly:"
slashed,-2,"To cut or attempt to cut, particularly:"
slashes,-2,"A slashing action or motion, particularly:"
slashing,-2,"To cut or attempt to cut, particularly:"
slavery,-3,"An institution or social practice of owning human beings as property, especially for use as forced laborers."
sleeplessness,-2,Lack of sleep; the property of being sleepless.
slick,2,"A covering of liquid, particularly oil."
slicker,2,Slippery or smooth due to a covering of liquid; often used to describe appearances.
slickest,2,Slippery or smooth due to a covering of liquid; often used to describe appearances.
sluggish,-2,Habitually idle and lazy; slothful; dull; inactive
slut,-5,A sexually promiscuous woman or girl.
smart,1,To hurt or sting.
smarter,2,Exhibiting social ability or cleverness.
smartest,2,Exhibiting social ability or cleverness.
smear,-2,A mark made by smearing.
smile,2,"A facial expression comprised by flexing the muscles of both ends of one's mouth, often showing the front teeth, without vocalisation, and in humans is a common involuntary or voluntary expression of happiness, pleasure, amusement or anxiety."
smiled,2,To have (a smile) on one's face.
smiles,2,"A facial expression comprised by flexing the muscles of both ends of one's mouth, often showing the front teeth, without vocalisation, and in humans is a common involuntary or voluntary expression of happiness, pleasure, amusement or anxiety."
smiling,2,To have (a smile) on one's face.
smog,-2,A noxious mixture of particulates and gases that is the result of urban air pollution.
sneaky,-1,Any device used for covert surveillance.
snub,-2,A deliberate affront or slight.
snubbed,-2,"To slight, ignore or behave coldly toward someone."
snubbing,-2,"To slight, ignore or behave coldly toward someone."
snubs,-2,A deliberate affront or slight.
sobering,1,(often with up) To make or become sober.
solemn,-1,Deeply serious and somber.
solid,2,A substance in the fundamental state of matter that retains its size and shape without need of a container (as opposed to a liquid or gas).
solidarity,2,"A bond of unity or agreement between individuals, united around a common goal or against a common enemy, such as the unifying principle that defines the labor movement; mutual support within a group."
solution,1,"A homogeneous mixture, which may be liquid, gas or solid, formed by dissolving one or more substances."
solutions,1,"A homogeneous mixture, which may be liquid, gas or solid, formed by dissolving one or more substances."
solve,1,(chiefly law enforcement) A solution; an explanation.
solved,1,To find an answer or solution to a problem or question; to work out.
solves,1,To find an answer or solution to a problem or question; to work out.
solving,1,To find an answer or solution to a problem or question; to work out.
somber,-2,To make sombre or dark; to make shady.
some kind,0,Referring to an unspecified category or type.
son-of-a-bitch,-5,An extremely offensive insult.
soothe,3,"To restore to ease, comfort, or tranquility; relieve; calm; quiet; refresh."
soothed,3,"To restore to ease, comfort, or tranquility; relieve; calm; quiet; refresh."
soothing,3,"To restore to ease, comfort, or tranquility; relieve; calm; quiet; refresh."
sophisticated,2,To make less natural or innocent.
sore,-1,"An injured, infected, inflamed or diseased patch of skin."
sorrow,-2,"Unhappiness, woe"
sorrowful,-2,(of a person) exhibiting sorrow; dejected; distraught.
sorry,-1,The act of saying sorry; an apology.
spam,-2,(rarely countable) Unsolicited bulk electronic messages.
spammer,-3,Someone who sends spam.
spammers,-3,Someone who sends spam.
spamming,-2,To send spam (i.e. unsolicited electronic messages.)
spark,1,"A small particle of glowing matter, either molten or on fire."
sparkle,3,A little spark; a scintillation.
sparkles,3,A little spark; a scintillation.
sparkling,3,To emit sparks; to throw off ignited or incandescent particles
speculative,-2,"Characterized by speculation; based on guessing, unfounded opinions, or extrapolation."
spirit,1,The soul of a person or other creature. What moves through experience into self-definition as souls purpose.
spirited,2,"To carry off, especially in haste, secrecy, or mystery."
spiritless,-2,"Lacking energy, drive, motivation or emotion. Enervated."
spiteful,-2,"Filled with, or showing, spite; having a desire to annoy or harm."
splendid,3,Possessing or displaying splendor; shining; very bright.
sprightly,2,"Animated, gay or vivacious; lively, spirited."
squelched,-1,"To halt, stop, eliminate, stamp out, or put down, often suddenly or by force"
stab,-2,An act of stabbing or thrusting with an object.
stabbed,-2,"To pierce or to wound (somebody) with a pointed tool or weapon, especially a knife or dagger."
stable,2,"A building, wing or dependency set apart and adapted for lodging and feeding (and training) animals with hoofs, especially horses."
stabs,-2,An act of stabbing or thrusting with an object.
stall,-2,A compartment for a single animal in a stable or cattle shed.
stalled,-2,"To put (an animal, etc.) in a stall."
stalling,-2,"To put (an animal, etc.) in a stall."
stamina,2,"The energy and strength for continuing to do something over a long period of time; power of sustained exertion, or resistance to hardship, illness etc."
stampede,-2,"A wild, headlong scamper, or running away, of a number of animals; usually caused by fright; hence, any sudden flight or dispersion, as of a crowd or an army in consequence of a panic."
startled,-2,"To move suddenly, or be excited, on feeling alarm; to start."
starve,-2,"To die; in later use especially to die slowly, waste away."
starved,-2,"To die; in later use especially to die slowly, waste away."
starves,-2,"To die; in later use especially to die slowly, waste away."
starving,-2,"To die; in later use especially to die slowly, waste away."
steadfast,2,Fixed or unchanging; steady.
steal,-2,The act of stealing.
steals,-2,"To take illegally, or without the owner's permission, something owned by someone else."
stereotype,-2,"A conventional, formulaic, and often oversimplified or exaggerated conception, opinion, or image of (a person)."
stereotyped,-2,"To make a stereotype of someone or something, or characterize someone by a stereotype."
stifled,-1,To interrupt or cut off.
stimulate,1,To encourage into action.
stimulated,1,To encourage into action.
stimulates,1,To encourage into action.
stimulating,2,To encourage into action.
stingy,-2,"Unwilling to spend, give, or share; ungenerous; mean"
stolen,-2,"To take illegally, or without the owner's permission, something owned by someone else."
stop,-1,"A (usually marked) place where buses, trams or trains halt to let passengers get on and off, usually smaller than a station."
stopped,-1,To cease moving.
stopping,-1,To cease moving.
stops,-1,"A (usually marked) place where buses, trams or trains halt to let passengers get on and off, usually smaller than a station."
stout,2,A dark and strong malt brew made with toasted grain.
straight,1,Something that is not crooked or bent such as a part of a road or track.
strange,-1,Vagina
strangely,-1,In a strange or coincidental manner.
strangled,-2,"To kill someone by squeezing the throat so as to cut off the oxygen supply; to choke, suffocate or throttle."
strength,2,The quality or degree of being strong.
strengthen,2,To make strong or stronger; to add strength to; to increase the strength of; to fortify.
strengthened,2,To make strong or stronger; to add strength to; to increase the strength of; to fortify.
strengthening,2,To make strong or stronger; to add strength to; to increase the strength of; to fortify.
strengthens,2,To make strong or stronger; to add strength to; to increase the strength of; to fortify.
stressed,-2,To apply force to (a body or structure) causing strain.
stressor,-2,An environmental condition or influence that stresses (i.e. causes stress for) an organism.
stressors,-2,An environmental condition or influence that stresses (i.e. causes stress for) an organism.
stricken,-2,Struck by something.
strike,-1,"A status resulting from a batter swinging and missing a pitch, or not swinging at a pitch when the ball goes in the strike zone, or hitting a foul ball that is not caught."
strikers,-2,An individual who is on strike.
strikes,-1,"A status resulting from a batter swinging and missing a pitch, or not swinging at a pitch when the ball goes in the strike zone, or hitting a foul ball that is not caught."
strong,2,Capable of producing great physical force.
stronger,2,Capable of producing great physical force.
strongest,2,Capable of producing great physical force.
struck,-1,(sometimes with out or through) To delete or cross out; to scratch or eliminate.
struggle,-2,A contortion of the body in an attempt to escape or to perform a difficult task.
struggled,-2,"To strive, to labour in difficulty, to fight (for or against), to contend."
struggles,-2,A contortion of the body in an attempt to escape or to perform a difficult task.
struggling,-2,"To strive, to labour in difficulty, to fight (for or against), to contend."
stubborn,-2,Stubbornness.
stuck,-2,To become or remain attached; to adhere.
stunned,-2,To incapacitate; especially by inducing disorientation or unconsciousness.
stunning,4,To incapacitate; especially by inducing disorientation or unconsciousness.
stupid,-2,A stupid person; a fool.
stupidly,-2,In a stupid manner.
suave,2,Sweet talk.
substantial,1,Anything having substance; an essential part.
substantially,1,In a strong substantial manner; considerably.
subversive,-2,A radical supporter of political or social revolution.
success,2,The achievement of one's aim or goal.
successful,3,"Resulting in success; assuring, or promoting, success; accomplishing what was proposed; having the desired effect"
suck,-3,An instance of drawing something into one's mouth by inhaling.
sucks,-3,An instance of drawing something into one's mouth by inhaling.
suffer,-2,To undergo hardship.
suffering,-2,To undergo hardship.
suffers,-2,To undergo hardship.
suicidal,-2,"Someone suicidal, someone likely to kill themselves"
suicide,-2,A tragic act resulting from despair.
suing,-2,"To file a legal action against someone, generally a non-criminal action."
sulking,-2,To express ill humor or offence by remaining sullenly silent or withdrawn.
sulky,-2,"A low two-wheeled cart, used in harness racing."
sullen,-2,"One who is solitary, or lives alone; a hermit."
sunshine,2,"The direct rays, light or warmth of the sun."
super,3,"Of excellent quality, superfine."
superb,5,First-rate; of the highest quality; exceptionally good.
superior,2,A person of higher rank or quality.
support,2,(sometimes attributive) Something which supports.
supported,2,To keep from falling.
supporter,1,A person who gives support to someone or something.
supporters,1,A person who gives support to someone or something.
supporting,1,To keep from falling.
supportive,2,Providing support.
supports,2,(sometimes attributive) Something which supports.
survived,2,"Of a person, to continue to live; to remain alive."
surviving,2,"Of a person, to continue to live; to remain alive."
survivor,2,"One who survives, especially one who survives a traumatic experience."
suspect,-1,"A person who is suspected of something, in particular of committing a crime."
suspected,-1,"To imagine or suppose (something) to be true, or to exist, without proof."
suspecting,-1,"To imagine or suppose (something) to be true, or to exist, without proof."
suspects,-1,"A person who is suspected of something, in particular of committing a crime."
suspend,-1,To halt something temporarily.
suspended,-1,To halt something temporarily.
suspicious,-2,Arousing suspicion.
swear,-2,"To take an oath, to promise."
swearing,-2,"To take an oath, to promise."
swears,-2,"To take an oath, to promise."
sweet,2,The basic taste sensation induced by sugar.
swift,2,A small plain-colored bird of the family Apodidae that resembles a swallow and is noted for its rapid flight.
swiftly,2,In a swift manner; quickly; with quick motion or velocity; fleetly.
swindle,-3,An instance of swindling.
swindles,-3,An instance of swindling.
swindling,-3,To defraud.
sympathetic,2,"Of, related to, showing, or characterized by sympathy"
sympathy,2,A feeling of pity or sorrow for the suffering or distress of another; compassion.
tard,-2,An offensive term for an unintelligent person. (Derived from 'retard.')
tears,-2,A hole or break caused by tearing.
tender,2,"Care, kind concern, regard."
tense,-2,(grammar) Any of the forms of a verb which distinguish when an action or state of being occurs or exists.
tension,-1,"The condition of being held in a state between two or more forces, which are acting in opposition to each other."
terrible,-3,"Dreadful; causing terror, alarm and fear; awesome"
terribly,-3,So as to cause terror or awe.
terrific,4,"Terrifying, causing terror; terrible; sublime, awe-inspiring."
terrified,-3,Extremely frightened.
terror,-3,"Intense dread, fright, or fear."
terrorize,-3,To fill (someone) with terror; to terrify.
terrorized,-3,To fill (someone) with terror; to terrify.
terrorizes,-3,To fill (someone) with terror; to terrify.
thank,2,An expression of appreciation; a thought.
thankful,2,Showing appreciation or gratitude.
thanks,2,An expression of appreciation; a thought.
thorny,-2,Having thorns or spines
thoughtful,2,Demonstrating thought or careful consideration.
thoughtless,-2,Marked by or showing lack of due thought or care; careless.
threat,-2,An expression of intent to injure or punish another.
threaten,-2,To make a threat against someone; to use threats.
threatened,-2,To make a threat against someone; to use threats.
threatening,-2,To make a threat against someone; to use threats.
threatens,-2,To make a threat against someone; to use threats.
threats,-2,An expression of intent to injure or punish another.
thrilled,5,"To suddenly excite someone, or to give someone great pleasure; to (figuratively) electrify; to experience such a sensation."
thwart,-2,A seat across a boat on which a rower may sit.
thwarted,-2,"To cause to fail; to frustrate, to prevent."
thwarting,-2,"To cause to fail; to frustrate, to prevent."
thwarts,-2,A seat across a boat on which a rower may sit.
timid,-2,Lacking in courage or confidence.
timorous,-2,Fearful; afraid; timid
tired,-2,To become sleepy or weary.
tits,-2,"A mammary gland, teat."
tolerant,2,"Tending to permit, allow, understand, or accept something"
toothless,-2,Having no teeth.
top,2,The highest or uppermost part of something.
tops,2,The highest or uppermost part of something.
torn,-2,"To rend (a solid material) by holding or restraining in two places and pulling apart, whether intentionally or not; to destroy or separate."
torture,-4,Intentional causing of somebody's experiencing agony
tortured,-4,To intentionally inflict severe pain or suffering on (someone).
tortures,-4,Intentional causing of somebody's experiencing agony
torturing,-4,To intentionally inflict severe pain or suffering on (someone).
totalitarian,-2,An advocate of totalitarianism.
totalitarianism,-2,"A system of government in which the people have virtually no authority and the state wields absolute control, for example, a dictatorship."
tout,-2,Someone advertising for customers in an aggressive way.
touted,-2,"To flaunt, to publicize/publicise; to boast or brag; to promote."
touting,-2,"To flaunt, to publicize/publicise; to boast or brag; to promote."
touts,-2,Someone advertising for customers in an aggressive way.
tragedy,-2,"A drama or similar work, in which the main character is brought to ruin or otherwise suffers the extreme consequences of some tragic flaw or weakness of character."
tragic,-2,"An obsessive fan, a superfan"
tranquil,2,Free from emotional or mental disturbance.
trap,-1,"A machine or other device designed to catch (and sometimes kill) animals, either by holding them in a container, or by catching hold of part of the body."
trapped,-2,"To physically capture, to catch in a trap or traps, or something like a trap."
trauma,-3,"Any serious injury to the body, often resulting from violence or an accident."
traumatic,-3,"Of, caused by, or causing trauma."
travesty,-2,An absurd or grotesque misrepresentation.
treason,-3,The crime of betraying one’s own country.
treasonous,-3,Like or in the way of treason.
treasure,2,"A collection of valuable things; accumulated wealth; a stock of money, jewels, etc."
treasures,2,"A collection of valuable things; accumulated wealth; a stock of money, jewels, etc."
trembling,-2,"To shake, quiver, or vibrate."
tremulous,-2,"Trembling, quivering, or shaking."
tricked,-2,To fool; to cause to believe something untrue; to deceive.
trickery,-2,Deception or underhanded behavior.
triumph,4,"A conclusive success following an effort, conflict, or confrontation of obstacles; victory; conquest."
triumphant,4,Celebrating victory.
trouble,-2,A distressing or dangerous situation.
troubled,-2,"To disturb, stir up, agitate (a medium, especially water)."
troubles,-2,A distressing or dangerous situation.
TRUE,2,The state of being in alignment.
trust,1,Confidence in or reliance on some person or quality.
trusted,2,"To place confidence in; to rely on, to confide, or have faith, in."
tumor,-2,"An abnormal growth; differential diagnosis includes abscess, metaplasia, and neoplasia."
twat,-5,The vagina or vulva.
ugly,-3,Ugliness.
unacceptable,-2,Something that is not acceptable.
unappreciated,-2,"Not deemed to have any value, valueless, worthless"
unapproved,-2,Not approved.
unaware,-2,Not aware or informed; lacking knowledge.
unbelievable,-1,Not to be believed.
unbelieving,-1,"That does not believe; incredulous, skeptical"
unbiased,2,Impartial or without bias or prejudice.
uncertain,-1,(with the) Something uncertain.
unclear,-1,Ambiguous; liable to more than one interpretation.
uncomfortable,-2,Not comfortable; causing discomfort.
unconcerned,-2,Indifferent and having no interest; aloof.
unconfirmed,-1,"Not finally established, settled or confirmed."
unconvinced,-1,Not convinced or lacking conviction
uncredited,-1,Unacknowledged.
undecided,-1,To reverse or recant (a previous decision).
underestimate,-1,An estimate that is too low.
underestimated,-1,"To perceive (someone or something) as having a lower value, quantity, worth, etc., than what he/she/it actually has."
underestimates,-1,An estimate that is too low.
underestimating,-1,"To perceive (someone or something) as having a lower value, quantity, worth, etc., than what he/she/it actually has."
undermine,-2,"To dig underneath (something), to make a passage for destructive or military purposes; to sap."
undermined,-2,"To dig underneath (something), to make a passage for destructive or military purposes; to sap."
undermines,-2,"To dig underneath (something), to make a passage for destructive or military purposes; to sap."
undermining,-2,"To dig underneath (something), to make a passage for destructive or military purposes; to sap."
undeserving,-2,Considered unworthy of reward.
undesirable,-2,An undesirable person
uneasy,-2,Not easy; difficult.
unemployment,-2,The state of having no job; joblessness.
unequal,-1,One who is not an equal.
unequaled,2,"Unmatched, superlative, the best ever done, record setting."
unethical,-2,Not morally approvable; morally bad; not ethical.
unfair,-2,To make ugly
unfocused,-2,Not focused
unfulfilled,-2,Lacking fulfillment; marked by a feeling of failure to achieve goals or desires.
unhappy,-2,An individual who is not happy.
unhealthy,-2,"Characterized by, or conducive to poor health"
unified,1,United into a whole
unimpressed,-2,Too fail to impress positively; to leave very little impression or a bad impression;
unintelligent,-2,Not intelligent.
united,1,To bring together as one.
unjust,-2,"Not fair, just or right."
unlovable,-2,Not lovable.
unloved,-2,To lose one's love (for someone or something).
unmatched,1,To separate a matching pair.
unmotivated,-2,"Lacking motivation, without impetus to strive or excel."
unprofessional,-2,One who is not a professional.
unresearched,-2,Not researched.
unsatisfied,-2,"Not satisfied, especially with the quantity of something"
unsecured,-2,Not physically secured; not fastened; not attached.
unsettled,-1,To make upset or uncomfortable
unsophisticated,-2,Not sophisticated; lacking sophistication.
unstable,-2,To release (an animal) from a stable.
unstoppable,2,Unable to be stopped.
unsupported,-2,Without physical support.
unsure,-1,Uncertain
untarnished,2,Not tarnished
unwanted,-2,One who or that which is not wanted; an undesirable.
unworthy,-2,An inadequate person.
upset,-2,Disturbance or disruption.
upsets,-2,Disturbance or disruption.
upsetting,-2,"To make (a person) angry, distressed, or unhappy."
uptight,-2,An uptight person.
urgent,-1,Requiring immediate attention.
useful,2,Having a practical or beneficial use.
usefulness,2,The quality or degree of being useful.
useless,-2,Without use or possibility to be used.
uselessness,-2,The quality of being useless
vague,-2,A wandering; a vagary.
validate,1,To render valid.
validated,1,To render valid.
validates,1,To render valid.
validating,1,To render valid.
verdict,-1,A decision on an issue of fact in a civil or criminal case or an inquest.
verdicts,-1,A decision on an issue of fact in a civil or criminal case or an inquest.
vested,1,"To clothe with, or as with, a vestment, or garment; to dress; to robe; to cover, surround, or encompass closely."
vexation,-2,"The act of annoying, vexing, or irritating."
vexing,-2,"To trouble aggressively, to harass."
vibrant,3,Pulsing with energy or activity.
vicious,-2,"Violent, destructive and cruel."
victim,-3,"One that is harmed—killed, injured, subjected to oppression, deceived, or otherwise adversely affected—by someone or something, especially another person or event, force, or condition; in particular:"
victimize,-3,To make someone a victim or sacrifice.
victimized,-3,To make someone a victim or sacrifice.
victimizes,-3,To make someone a victim or sacrifice.
victimizing,-3,To make someone a victim or sacrifice.
victims,-3,"One that is harmed—killed, injured, subjected to oppression, deceived, or otherwise adversely affected—by someone or something, especially another person or event, force, or condition; in particular:"
vigilant,3,"Watchful, especially for danger or disorder; alert; wary"
vile,-3,Morally low; base; despicable.
vindicate,2,"To clear of an accusation, suspicion or criticism."
vindicated,2,"To clear of an accusation, suspicion or criticism."
vindicates,2,"To clear of an accusation, suspicion or criticism."
vindicating,2,"To clear of an accusation, suspicion or criticism."
violate,-2,To break or disregard (a rule or convention).
violated,-2,To break or disregard (a rule or convention).
violates,-2,To break or disregard (a rule or convention).
violating,-2,To break or disregard (a rule or convention).
violence,-3,Extreme force.
violent,-3,An assailant.
virtuous,2,"Full of virtue, having excellent moral character."
virulent,-2,"(of a disease or disease-causing agent) Highly infectious, malignant or deadly."
vision,1,The sense or ability of sight.
visionary,3,Someone who has visions; a seer
visioning,1,To imagine something as if it were to be true.
visions,1,The sense or ability of sight.
vitality,3,The capacity to live and develop.
vitamin,1,"Any of a specific group of organic compounds essential in small quantities for healthy human growth, metabolism, development, and body function; found in minute amounts in plant and animal foods or sometimes produced synthetically; deficiencies of specific vitamins produce specific disorders."
vitriolic,-3,Of or pertaining to vitriol; derived from or resembling vitriol.
vivacious,3,Lively and animated; full of life and energy.
vociferous,-1,Making or characterized by a noisy outcry; clamorous.
vulnerability,-2,Susceptibility to attack or injury; the state or condition of being weak or poorly defended.
vulnerable,-2,"More or most likely to be exposed to the chance of being attacked or harmed, either physically or emotionally."
walkout,-2,A sudden stoppage of work.
walkouts,-2,A sudden stoppage of work.
wanker,-3,A person who wanks.
want,1,"A desire, wish, longing."
war,-2,"Organized, large-scale, armed conflict between countries or between national, ethnic, or other sizeable groups, usually involving the engagement of military forces."
warfare,-2,The waging of war or armed conflict against an enemy.
warm,1,"Having a temperature slightly higher than usual, but still pleasant; mildly hot."
warmth,2,A moderate degree of heat; the sensation of being warm.
warn,-2,To make (someone) aware of (something impending); especially:
warned,-2,To make (someone) aware of (something impending); especially:
warning,-3,To make (someone) aware of (something impending); especially:
warnings,-3,The action of the verb warn; an instance of warning someone.
warns,-2,To make (someone) aware of (something impending); especially:
waste,-1,"Excess of material, useless by-products or damaged, unsaleable products; garbage; rubbish."
wasted,-2,"To devastate, destroy"
wasting,-2,"To devastate, destroy"
wavering,-1,To sway back and forth; to totter or reel.
weak,-2,Lacking in force (usually strength) or ability.
weakness,-2,The condition of being weak.
wealth,3,Riches; valuable material possessions.
wealthy,2,A rich person.
weary,-2,To make or to become weary.
weep,-2,A session of crying.
weeping,-2,To cry; shed tears.
weird,-2,Fate; destiny; luck.
welcome,2,"The act of greeting someone’s arrival, especially by saying Welcome!; reception."
welcomed,2,"To affirm or greet the arrival of someone, especially by saying Welcome!."
welcomes,2,"The act of greeting someone’s arrival, especially by saying Welcome!; reception."
whimsical,1,Given to whimsy.
whitewash,-3,A lime and water mixture for painting walls and fences bright white.
whore,-4,"Any person (especially a woman) who has sexual intercourse or engages in other sexual activity for payment, especially as a means of livelihood."
wicked,-2,People who are wicked.
widowed,-1,To make a widow or widower of someone; to cause the death of the spouse of.
willingness,2,The state of being willing
win,4,"To conquer, defeat."
winner,4,One who has won or often wins.
winning,4,"To conquer, defeat."
wins,4,"To conquer, defeat."
winwin,3,Describing a situation beneficial for everyone. (Shortened form of 'win-win.')
wish,1,"A desire, hope, or longing for something or for something to happen."
wishes,1,"A desire, hope, or longing for something or for something to happen."
wishing,1,To desire; to want.
withdrawal,-3,Receiving from someone's care what one has earlier entrusted to them. Usually refers to money.
woebegone,-2,In a deplorable state.
woeful,-3,Full of woe; sorrowful; distressed with grief or calamity.
won,3,"To conquer, defeat."
wonderful,4,"Tending to excite wonder; surprising, extraordinary."
woo,3,To endeavor to gain someone's support.
woohoo,3,An expression of joy or excitement.
wooo,4,An energetic shout of happiness. (Exaggerated spelling of 'woo.')
woow,4,An expression of being strongly impressed. (Misspelling or elongation of 'wow.')
worn,-1,"To carry or have equipped on or about one's body, as an item of clothing, equipment, decoration, etc."
worried,-3,Thinking about unpleasant things that have happened or that might happen; feeling afraid and unhappy.
worry,-3,A strong feeling of anxiety.
worrying,-3,To be troubled; to give way to mental anxiety or doubt.
worse,-3,Unfavorable; negative; not good.
worsen,-3,To make worse; to impair.
worsened,-3,To make worse; to impair.
worsening,-3,To make worse; to impair.
worsens,-3,To make worse; to impair.
worshiped,3,"To reverence (a deity, etc.) with supreme respect and veneration; to perform religious exercises in honour of."
worst,-3,Unfavorable; negative; not good.
worth,2,Value.
worthless,-2,Having no worth or use; without value; inconsequential.
worthy,2,A distinguished or eminent person
wow,4,"Anything exceptionally surprising, unbelievable, outstanding, etc."
wowow,4,Showing a high level of amazement or excitement. (Playful repetition of 'wow.')
wowww,4,Showing intense amazement or admiration. (Extended form of 'wow.')
wrathful,-3,Possessed of great wrath; very angry.
wreck,-2,Something or someone that has been ruined.
wrong,-2,Something that is immoral or not good.
wronged,-2,To treat unjustly; to injure or harm.
wtf,-4,An expression of strong shock or disbelief. (Acronym for 'What The Fuck.')
yeah,1,"Expressing joy, celebration, glee, etc."
yearning,1,"To long, have a strong desire (for something)."
yeees,2,An enthusiastic way of saying yes. (Elongated form of 'yes.')
yes,1,An affirmative expression; an answer that shows agreement or acceptance.
youthful,2,Young or seeming young.
yucky,-2,Of something highly offensive; causing aversion or disgust.
yummy,3,(lighthearted) Delicious.
zealot,-2,"One who is zealous, one who is full of zeal for his own specific beliefs or objectives, usually in the negative sense of being too passionate; a fanatic"
zealots,-2,"One who is zealous, one who is full of zeal for his own specific beliefs or objectives, usually in the negative sense of being too passionate; a fanatic"
zealous,2,"Full of zeal; ardent, fervent; exhibiting enthusiasm or strong passion."